Auth/nxs_auth.inc.php	DIRECTORIO
Auth/nxs_auth.inc.php	ROLES_CONDOMINAL
DatabaseConnection.php	DCAT_SUBZONAS
FRM_VoteTopic_asamblea.php	ASISTENCIAS_CONVOCATORIA
FRM_VoteTopic_asamblea.php	CAT_GRUPO_PUESTOS
FRM_VoteTopic_asamblea.php	CAT_LLAMAR_A
FRM_VoteTopic_asamblea.php	CAT_PUESTOS
FRM_VoteTopic_asamblea.php	CAT_SUBTIPOS_CONVOCATORIAS
FRM_VoteTopic_asamblea.php	CAT_TIPOS_CONVOCATORIAS
FRM_VoteTopic_asamblea.php	CONVOCATORIAS
FRM_VoteTopic_asamblea.php	CONVOCATORIAS_FECHAS
FRM_VoteTopic_asamblea.php	CONVOCATORIAS_HAS_INVITADOS_ESPECIALES
FRM_VoteTopic_asamblea.php	DIRECTORIO
FRM_VoteTopic_asamblea.php	INVITADOS_ESPECIALES
FRM_VoteTopic_asamblea.php	PROYECTOS
FRM_VoteTopic_asamblea.php	TAREAS
FRM_VoteTopic_asamblea.php	TAREAS_ASIGNACIONES
FRM_VoteTopic_asamblea.php	TEMAS
FRM_VoteTopic_asamblea.php	VOTACIONES_CONVOCATORIAS
FRM_VoteTopic_asamblea_condomino.php	ASISTENCIAS_CONVOCATORIA
FRM_VoteTopic_asamblea_condomino.php	CAT_LLAMAR_A
FRM_VoteTopic_asamblea_condomino.php	CAT_SUBTIPOS_CONVOCATORIAS
FRM_VoteTopic_asamblea_condomino.php	CAT_TIPOS_CONVOCATORIAS
FRM_VoteTopic_asamblea_condomino.php	CONVOCATORIAS
FRM_VoteTopic_asamblea_condomino.php	CONVOCATORIAS_FECHAS
FRM_VoteTopic_asamblea_condomino.php	CONVOCATORIAS_HAS_INVITADOS_ESPECIALES
FRM_VoteTopic_asamblea_condomino.php	DIRECTORIO
FRM_VoteTopic_asamblea_condomino.php	INVITADOS_ESPECIALES
FRM_VoteTopic_asamblea_condomino.php	PROYECTOS
FRM_VoteTopic_asamblea_condomino.php	TEMAS
FRM_VoteTopic_asamblea_condomino.php	VOTACIONES_CONVOCATORIAS
ajax-RegistrarAsistenciaAsamblea.php	ASISTENCIAS_CONVOCATORIA
ajax-RegistrarAsistenciaAsamblea.php	CONVOCATORIAS
ajax-RegistrarAsistenciaAsamblea.php	CONVOCATORIAS_FECHAS
ajax-RegistrarVotos.php	CONVOCATORIAS
ajax-RegistrarVotos.php	VOTACIONES_CONVOCATORIAS
ajax-TasksUpdate.php	TAREAS
ajax-borrado-masivo.php	DIRECTORIO
ajax-borrado-masivo.php	HISTORICO_PAGOS
ajax-borrado-masivo.php	HISTORICO_PAGOS_HAS_PAGOS
ajax-borrado-masivo.php	PAGOS
ajax-borrado-masivo.php	ROLES_CONDOMINAL
ajax-cobroHistorico_completo.php	CAT_GRUPOS_COBRO
ajax-conceptos-presupuesto.php	CAT_TIPOS_CONCEPTO
ajax-directorioComercio.php	DIRECTORIO
ajax-directorioFC.php	DIRECTORIO
ajax-guardado-estructura.php	CAT_GRUPO_PUESTOS
ajax-guardado-estructura.php	CAT_PUESTOS
ajax-guardado-organigrama.php	CAT_GRUPO_PUESTOS
ajax-guardado-organigrama.php	CAT_PUESTOS
ajax-guardado-organigrama.php	DIRECTORIO
ajax-guardado-organigrama.php	DIRECTORIO_HAS_CAT_PUESTOS
ajax-guardado.php	AREAS_PRIVATIVAS
ajax-guardado.php	AREAS_PRIVATIVAS_HAS_CUOTAS
ajax-guardado.php	AREAS_PRIVATIVAS_HAS_DCAT_USO_SUELO
ajax-guardado.php	ARRENDAMIENTOS
ajax-guardado.php	CAT_CONCEPTOS_PRESUPUESTO
ajax-guardado.php	CAT_FORMAS_PAGO
ajax-guardado.php	CAT_GRUPOS_COBRO
ajax-guardado.php	CAT_GRUPOS_COBRO_HISTORICO
ajax-guardado.php	CAT_GRUPOS_PRESUPUESTO
ajax-guardado.php	CAT_GRUPO_PUESTOS
ajax-guardado.php	CAT_MODULOS
ajax-guardado.php	CAT_PUESTOS
ajax-guardado.php	CAT_SANCIONES
ajax-guardado.php	DCAT_CALLES
ajax-guardado.php	DCAT_CATEGORIAS_GASTOS
ajax-guardado.php	DCAT_CATEGORIAS_NOTIFICACIONES
ajax-guardado.php	DCAT_SUBZONAS
ajax-guardado.php	DCAT_USO_SUELO
ajax-guardado.php	DCAT_USO_SUELO_HISTORICO
ajax-guardado.php	DCAT_VARIOS
ajax-guardado.php	DCAT_ZONAS
ajax-guardado.php	DIRECTORIO
ajax-guardado.php	DIRECTORIO_HAS_ASIGNACIONES
ajax-guardado.php	DIRECTORIO_HAS_CAT_PUESTOS
ajax-guardado.php	DIRECTORIO_HAS_COMERCIOS
ajax-guardado.php	GASTOS
ajax-guardado.php	HISTORICO_PAGOS
ajax-guardado.php	HISTORICO_PAGOS_DETALLE
ajax-guardado.php	HISTORICO_PAGOS_HAS_PAGOS
ajax-guardado.php	INGRESOS
ajax-guardado.php	NOTIFICACIONES
ajax-guardado.php	PAGOS
ajax-guardado.php	PRESUPUESTO
ajax-guardado.php	PRESUPUESTO_DETALLE
ajax-guardado.php	PRESUPUESTO_MES
ajax-guardado.php	PRESUPUESTO_MES_CERRADO
ajax-guardado.php	PROYECTOS
ajax-guardado.php	RESUMEN_FINANCIERO
ajax-guardado.php	RESUMEN_FINANCIERO_MES
ajax-guardado.php	ROLES_CONDOMINAL
ajax-guardado.php	ROLES_CONDOMINAL_HAS_CAT_MODULOS
ajax-guardado.php	TICKETS
ajax-guardado.php	TICKETS_DEPARTAMENTOS
ajax-guardadoGobernanza.php	AREAS_PRIVATIVAS
ajax-guardadoGobernanza.php	CAT_LLAMAR_A
ajax-guardadoGobernanza.php	CAT_PUESTOS
ajax-guardadoGobernanza.php	CAT_SUBTIPOS_CONVOCATORIAS
ajax-guardadoGobernanza.php	CAT_TIPOS_CONVOCATORIAS
ajax-guardadoGobernanza.php	CONVOCADOS
ajax-guardadoGobernanza.php	CONVOCATORIAS
ajax-guardadoGobernanza.php	CONVOCATORIAS_FECHAS
ajax-guardadoGobernanza.php	CONVOCATORIAS_HAS_INVITADOS_ESPECIALES
ajax-guardadoGobernanza.php	CONVOCATORIAS_INVITADOS
ajax-guardadoGobernanza.php	DCAT_TIPOS_FECHAS_CONVOCATORIAS
ajax-guardadoGobernanza.php	DIRECTORIO
ajax-guardadoGobernanza.php	DIRECTORIO_HAS_ASIGNACIONES
ajax-guardadoGobernanza.php	DIRECTORIO_HAS_CAT_PUESTOS
ajax-guardadoGobernanza.php	DIRECTORIO_HAS_COMERCIOS
ajax-guardadoGobernanza.php	INVITADOS_ESPECIALES
ajax-guardadoGobernanza.php	PROYECTOS
ajax-guardadoGobernanza.php	ROLES_CONDOMINAL
ajax-guardadoGobernanza.php	TAREAS
ajax-guardadoGobernanza.php	TAREAS_ASIGNACIONES
ajax-guardadoGobernanza.php	TEMAS
ajax-guardadoGobernanza.php	VOTACIONES_CONVOCATORIAS
ajax-guardadoImg.php	AREAS_PRIVATIVAS
ajax-guardadoImg.php	AREAS_PRIVATIVAS_IMAGENES
ajax-guardadoImg.php	CONTACTOS
ajax-guardadoImg.php	PROYECTOS
ajax-guardadoImg.php	PROYECTOS_DOCUMENTOS
ajax-guardadoModal.php	AREAS_PRIVATIVAS
ajax-guardadoModal.php	AREAS_PRIVATIVAS_HAS_CUOTAS
ajax-guardadoModal.php	AREAS_PRIVATIVAS_HAS_DCAT_USO_SUELO
ajax-guardadoModal.php	ARRENDAMIENTOS
ajax-guardadoModal.php	CAT_FORMAS_PAGO
ajax-guardadoModal.php	CAT_GRUPOS_COBRO
ajax-guardadoModal.php	CAT_SANCIONES
ajax-guardadoModal.php	DCAT_USO_SUELO
ajax-guardadoModal.php	DCAT_USO_SUELO_HISTORICO
ajax-guardadoModal.php	DCAT_VARIOS
ajax-guardadoModal.php	DIRECTORIO
ajax-guardadoModal.php	DIRECTORIO_HAS_ASIGNACIONES
ajax-guardadoModal.php	DIRECTORIO_HAS_COMERCIOS
ajax-guardadoModal.php	INGRESOS
ajax-guardadoModal.php	PAGOS
ajax-guardado_2.php	ARRENDAMIENTOS
ajax-guardado_2.php	CAT_GRUPOS_COBRO
ajax-guardado_2.php	CAT_GRUPOS_COBRO_HISTORICO
ajax-guardado_2.php	HISTORICO_PAGOS
ajax-guardado_2.php	PAGOS
ajax-importar-gastos.php	CAT_CONCEPTOS_PRESUPUESTO
ajax-importar-gastos.php	CAT_FORMAS_PAGO
ajax-importar-gastos.php	GASTOS
ajax-importar-gastos.php	PRESUPUESTO
ajax-importar-ingresos.php	CAT_FORMAS_PAGO
ajax-importar-ingresos.php	CAT_GRUPOS_COBRO
ajax-importar-ingresos.php	DCAT_VARIOS
ajax-importar-ingresos.php	INGRESOS
ajax-importar-presupuesto.php	CAT_CONCEPTOS_PRESUPUESTO
ajax-importar-presupuesto.php	CAT_GRUPOS_PRESUPUESTO
ajax-importar-presupuesto.php	PRESUPUESTO
ajax-importar-presupuesto.php	PRESUPUESTO_DETALLE
ajax-importar-presupuesto.php	PRESUPUESTO_MES
ajax-previaCobros.php	AREAS_PRIVATIVAS
ajax-previaCobros.php	AREAS_PRIVATIVAS_HAS_DCAT_USO_SUELO
ajax-previaCobros.php	ARRENDAMIENTOS
ajax-previaCobros.php	CAT_GRUPOS_COBRO
ajax-previaCobros.php	DCAT_USO_SUELO
ajax-previaCobros.php	DCAT_USO_SUELO_HISTORICO
ajax-previaCobros.php	DCAT_ZONAS
ajax-recuperarPass.php	DIRECTORIO
ajax-recuperarPass.php	DIRECTORIO_HAS_COMERCIOS
ajax-recuperarPass.php	PROYECTOS
ajax-revisionDatos.php	AREAS_PRIVATIVAS
ajax-revisionDatos.php	DCAT_CALLES
ajax-revisionDatos.php	DCAT_CATEGORIAS_COMERCIAL
ajax-revisionDatos.php	DCAT_SUBCATEGORIAS_COMERCIAL
ajax-revisionDatos.php	DCAT_SUBZONAS
ajax-revisionDatos.php	DIRECTORIO
ajax-revisionDatos.php	DIRECTORIO_HAS_ASIGNACIONES
ajax-revisionDatos.php	DIRECTORIO_HAS_COMERCIOS
ajax-revisionDatos.php	PROYECTOS
ajax-revisionDatosGobernanza.php	AREAS_PRIVATIVAS
ajax-revisionDatosGobernanza.php	CAT_GRUPO_PUESTOS
ajax-revisionDatosGobernanza.php	CAT_PUESTOS
ajax-revisionDatosGobernanza.php	CAT_SUBTIPOS_CONVOCATORIAS
ajax-revisionDatosGobernanza.php	CONVOCADOS
ajax-revisionDatosGobernanza.php	CONVOCATORIAS
ajax-revisionDatosGobernanza.php	CONVOCATORIAS_FECHAS
ajax-revisionDatosGobernanza.php	DCAT_TIPOS_FECHAS_CONVOCATORIAS
ajax-revisionDatosGobernanza.php	DIRECTORIO
ajax-revisionDatosGobernanza.php	DIRECTORIO_HAS_COMERCIOS
ajax_nuevaOpcion.php	CAT_GRUPO_PUESTOS
ajax_nuevaOpcion.php	CAT_PUESTOS
ajax_nuevaOpcion.php	CAT_TIPOS_TEMAS
ajax_nuevaOpcion.php	DIRECTORIO
ajax_nuevaOpcion.php	TEMAS
apply_fix_435_00259.php	AREAS_PRIVATIVAS
apply_fix_435_00259.php	HISTORICO_PAGOS
apply_fix_435_00259.php	HISTORICO_PAGOS_DETALLE
apply_fix_435_00259.php	PAGOS
apply_migration_ingresos.php	AREAS_PRIVATIVAS
apply_migration_ingresos.php	INGRESOS
apply_migration_tipo_cuota_ingresos.php	CAT_GRUPOS_COBRO
apply_migration_tipo_cuota_ingresos.php	INGRESOS
asamblea.php	AREAS_PRIVATIVAS
asamblea.php	ASISTENCIAS_CONVOCATORIA
asamblea.php	CAT_GRUPO_PUESTOS
asamblea.php	CAT_LLAMAR_A
asamblea.php	CAT_PUESTOS
asamblea.php	CAT_SUBTIPOS_CONVOCATORIAS
asamblea.php	CAT_TIPOS_CONVOCATORIAS
asamblea.php	CONVOCADOS
asamblea.php	CONVOCATORIAS
asamblea.php	CONVOCATORIAS_FECHAS
asamblea.php	CONVOCATORIAS_HAS_INVITADOS_ESPECIALES
asamblea.php	DCAT_TIPOS_FECHAS_CONVOCATORIAS
asamblea.php	DCAT_ZONAS
asamblea.php	DIRECTORIO
asamblea.php	DIRECTORIO_HAS_ASIGNACIONES
asamblea.php	DIRECTORIO_HAS_CAT_PUESTOS
asamblea.php	INVITADOS_ESPECIALES
asamblea.php	PROYECTOS
asamblea.php	ROLES_CONDOMINAL
asamblea.php	TEMAS
asamblea_condomino.php	AREAS_PRIVATIVAS
asamblea_condomino.php	ASISTENCIAS_CONVOCATORIA
asamblea_condomino.php	CAT_GRUPO_PUESTOS
asamblea_condomino.php	CAT_LLAMAR_A
asamblea_condomino.php	CAT_PUESTOS
asamblea_condomino.php	CAT_SUBTIPOS_CONVOCATORIAS
asamblea_condomino.php	CAT_TIPOS_CONVOCATORIAS
asamblea_condomino.php	CONVOCADOS
asamblea_condomino.php	CONVOCATORIAS
asamblea_condomino.php	CONVOCATORIAS_FECHAS
asamblea_condomino.php	CONVOCATORIAS_HAS_INVITADOS_ESPECIALES
asamblea_condomino.php	DCAT_ZONAS
asamblea_condomino.php	DIRECTORIO
asamblea_condomino.php	DIRECTORIO_HAS_ASIGNACIONES
asamblea_condomino.php	DIRECTORIO_HAS_CAT_PUESTOS
asamblea_condomino.php	INVITADOS_ESPECIALES
asamblea_condomino.php	PROYECTOS
asamblea_condomino.php	ROLES_CONDOMINAL
asamblea_condomino.php	TEMAS
assets-list-apoles/create-new-apoleMAR.php	AREAS_PRIVATIVAS
assets-list-apoles/create-new-apoleMAR.php	AREAS_PRIVATIVAS_HAS_DCAT_USO_SUELO
assets-list-apoles/create-new-apoleMAR.php	DCAT_USO_SUELO
assets-list-apoles/create-sub-condominio.php	AREAS_PRIVATIVAS
assets-list-apoles/create-sub-condominio.php	PROYECTOS
assets-list-apoles/delete-apole-from-sub-project.php	AREAS_PRIVATIVAS
assets-list-apoles/delete-apole-from-sub-project.php	DIRECTORIO
assets-list-apoles/delete-apole-from-sub-project.php	DIRECTORIO_HAS_ASIGNACIONES
assets-list-apoles/frm_sub_dominio.php	AREAS_PRIVATIVAS
assets-list-apoles/frm_sub_dominio.php	CAT_MODULOS
assets-list-apoles/frm_sub_dominio.php	DIRECTORIO
assets-list-apoles/frm_sub_dominio.php	DIRECTORIO_HAS_ASIGNACIONES
assets-list-apoles/frm_sub_dominio.php	PROYECTOS
backup_ingresos.php	INGRESOS
borrado-masivo.php	DIRECTORIO
borrado-masivo.php	PAGOS
borrado-masivo.php	ROLES_CONDOMINAL
check_groups_structure.php	CAT_CONCEPTOS_PRESUPUESTO
check_groups_structure.php	CAT_GRUPOS_PRESUPUESTO
check_groups_structure.php	PRESUPUESTO
check_roles.php	DIRECTORIO
check_roles.php	DIRECTORIO_HAS_ASIGNACIONES
check_roles.php	ROLES_CONDOMINAL
cliente/Auth/nxs_auth.inc.php	DIRECTORIO
cliente/ajax-modal.php	CAT_FORMAS_PAGO
cliente/ajax-modal.php	CAT_GRUPOS_COBRO
cliente/ajax-modal.php	DIRECTORIO
cliente/ajax-modal.php	HISTORICO_PAGOS
cliente/ajax-modal.php	HISTORICO_PAGOS_DETALLE
cliente/ajax-modal.php	HISTORICO_PAGOS_HAS_PAGOS
cliente/ajax-modal.php	PAGOS
cliente/edo_cuenta_general.php	AREAS_PRIVATIVAS
cliente/edo_cuenta_general.php	CAT_GRUPOS_COBRO
cliente/edo_cuenta_general.php	CAT_SANCIONES
cliente/edo_cuenta_general.php	DIRECTORIO
cliente/edo_cuenta_general.php	DIRECTORIO_HAS_ASIGNACIONES
cliente/edo_cuenta_general.php	HISTORICO_PAGOS
cliente/edo_cuenta_general.php	HISTORICO_PAGOS_HAS_PAGOS
cliente/edo_cuenta_general.php	PAGOS
cliente/edo_cuenta_general.php	PROYECTOS
cliente/general.php	DIRECTORIO
cliente/general.php	DIRECTORIO_HAS_COMERCIOS
cliente/general.php	PROYECTOS
cliente/inicio.php	AREAS_PRIVATIVAS
cliente/inicio.php	CAT_GRUPOS_COBRO
cliente/inicio.php	CAT_SANCIONES
cliente/inicio.php	DIRECTORIO
cliente/inicio.php	DIRECTORIO_HAS_ASIGNACIONES
cliente/inicio.php	PAGOS
cliente/inicio.php	PROYECTOS
cliente/notifications.php	PROYECTOS
cliente/permisos.php	CAT_MODULOS
cliente/permisos.php	DIRECTORIO
cliente/permisos.php	DIRECTORIO_HAS_ASIGNACIONES
cliente/permisos.php	ROLES_CONDOMINAL
cliente/permisos.php	ROLES_CONDOMINAL_HAS_CAT_MODULOS
cliente/propiedad_detalle.php	AREAS_PRIVATIVAS
cliente/propiedad_detalle.php	CAT_FORMAS_PAGO
cliente/propiedad_detalle.php	DIRECTORIO
cliente/propiedad_detalle.php	DIRECTORIO_HAS_ASIGNACIONES
cliente/propiedad_detalle.php	HISTORICO_PAGOS
cliente/propiedad_detalle.php	HISTORICO_PAGOS_DETALLE
cliente/propiedad_detalle.php	HISTORICO_PAGOS_HAS_PAGOS
cliente/propiedad_detalle.php	PAGOS
cliente/propiedad_detalle.php	PROYECTOS
cliente/propiedad_detalle2.php	PROYECTOS
cliente/propiedad_info.php	AREAS_PRIVATIVAS
cliente/propiedad_info.php	AREAS_PRIVATIVAS_HAS_DCAT_USO_SUELO
cliente/propiedad_info.php	DCAT_USO_SUELO
cliente/propiedad_info.php	DCAT_ZONAS
cliente/propiedad_info.php	DIRECTORIO
cliente/propiedad_info.php	DIRECTORIO_HAS_ASIGNACIONES
cliente/propiedad_info.php	PAGOS
cliente/propiedad_info.php	PROYECTOS
cliente/propiedades.php	AREAS_PRIVATIVAS
cliente/propiedades.php	AREAS_PRIVATIVAS_HAS_DCAT_USO_SUELO
cliente/propiedades.php	DCAT_USO_SUELO
cliente/propiedades.php	DCAT_ZONAS
cliente/propiedades.php	DIRECTORIO
cliente/propiedades.php	DIRECTORIO_HAS_ASIGNACIONES
cliente/propiedades.php	PAGOS
cliente/propiedades.php	PROYECTOS
cliente/settings-password.php	PROYECTOS
cliente/settings.php	DIRECTORIO
cliente/settings.php	PROYECTOS
contratoPDF.php	AREAS_PRIVATIVAS
contratoPDF.php	ARRENDAMIENTOS
contratoPDF.php	CAT_GRUPOS_COBRO
contratoPDF.php	CAT_SANCIONES
contratoPDF.php	DIRECTORIO
contratoPDF.php	DIRECTORIO_HAS_ASIGNACIONES
contratoPDF.php	HISTORICO_PAGOS
contratoPDF.php	HISTORICO_PAGOS_HAS_PAGOS
contratoPDF.php	PAGOS
contratoPDF.php	PROYECTOS
cron_intereses.php	CAT_GRUPOS_COBRO
cron_intereses.php	CAT_GRUPOS_COBRO_HISTORICO
cron_intereses.php	PAGOS
debug_presupuesto_2025.php	CAT_CONCEPTOS_PRESUPUESTO
debug_presupuesto_2025.php	CAT_GRUPOS_COBRO
debug_presupuesto_2025.php	CAT_GRUPOS_PRESUPUESTO
debug_presupuesto_2025.php	PRESUPUESTO
debug_presupuesto_2025.php	PRESUPUESTO_DETALLE
debug_presupuesto_2025.php	PRESUPUESTO_MES
debug_saldo_favor.php	AREAS_PRIVATIVAS
debug_saldo_favor.php	HISTORICO_PAGOS
debug_saldo_favor.php	HISTORICO_PAGOS_DETALLE
debug_saldo_favor.php	HISTORICO_PAGOS_HAS_PAGOS
debug_saldo_favor.php	PAGOS
detalle_gobernanza.php	AREAS_PRIVATIVAS
detalle_gobernanza.php	CAT_GRUPO_PUESTOS
detalle_gobernanza.php	CAT_LLAMAR_A
detalle_gobernanza.php	CAT_PUESTOS
detalle_gobernanza.php	CAT_SUBTIPOS_CONVOCATORIAS
detalle_gobernanza.php	CAT_TIPOS_CONVOCATORIAS
detalle_gobernanza.php	CONVOCADOS
detalle_gobernanza.php	CONVOCATORIAS
detalle_gobernanza.php	CONVOCATORIAS_FECHAS
detalle_gobernanza.php	DCAT_ZONAS
detalle_gobernanza.php	DIRECTORIO
detalle_gobernanza.php	DIRECTORIO_HAS_ASIGNACIONES
detalle_gobernanza.php	DIRECTORIO_HAS_CAT_PUESTOS
detalle_gobernanza.php	ROLES_CONDOMINAL
detalle_gobernanza_convocatoria.php	AREAS_PRIVATIVAS
disponibilidad_uso_suelo.php	DCAT_USO_SUELO
dompdf/contratoPDF.php	AREAS_PRIVATIVAS
dompdf/contratoPDF.php	ARRENDAMIENTOS
dompdf/contratoPDF.php	CAT_FORMAS_PAGO
dompdf/contratoPDF.php	CAT_GRUPOS_COBRO
dompdf/contratoPDF.php	CAT_SANCIONES
dompdf/contratoPDF.php	DIRECTORIO
dompdf/contratoPDF.php	DIRECTORIO_HAS_ASIGNACIONES
dompdf/contratoPDF.php	DIRECTORIO_HAS_COMERCIOS
dompdf/contratoPDF.php	HISTORICO_PAGOS
dompdf/contratoPDF.php	HISTORICO_PAGOS_DETALLE
dompdf/contratoPDF.php	HISTORICO_PAGOS_HAS_PAGOS
dompdf/contratoPDF.php	PAGOS
dompdf/contratoPDF.php	PROYECTOS
dompdf/imp-estado.php	AREAS_PRIVATIVAS
dompdf/imp-estado.php	ARRENDAMIENTOS
dompdf/imp-estado.php	CAT_GRUPOS_COBRO
dompdf/imp-estado.php	CAT_SANCIONES
dompdf/imp-estado.php	DIRECTORIO
dompdf/imp-estado.php	DIRECTORIO_HAS_ASIGNACIONES
dompdf/imp-estado.php	HISTORICO_PAGOS
dompdf/imp-estado.php	HISTORICO_PAGOS_HAS_PAGOS
dompdf/imp-estado.php	PAGOS
dompdf/imp-estado.php	PROYECTOS
duplicate_2025_to_2026.php	CAT_CONCEPTOS_PRESUPUESTO
duplicate_2025_to_2026.php	CAT_GRUPOS_PRESUPUESTO
duplicate_2025_to_2026.php	PRESUPUESTO
eliminacion-datos.php	AREAS_PRIVATIVAS
eliminacion-datos.php	AREAS_PRIVATIVAS_IMAGENES
eliminacion-datos.php	ARRENDAMIENTOS
eliminacion-datos.php	CAT_CONCEPTOS_PRESUPUESTO
eliminacion-datos.php	CAT_FORMAS_PAGO
eliminacion-datos.php	CAT_GRUPOS_PRESUPUESTO
eliminacion-datos.php	CAT_GRUPO_PUESTOS
eliminacion-datos.php	CAT_PUESTOS
eliminacion-datos.php	CAT_SANCIONES
eliminacion-datos.php	CONTACTOS
eliminacion-datos.php	CONVOCADOS
eliminacion-datos.php	CONVOCATORIAS
eliminacion-datos.php	CONVOCATORIAS_FECHAS
eliminacion-datos.php	CONVOCATORIAS_HAS_INVITADOS_ESPECIALES
eliminacion-datos.php	DCAT_CALLES
eliminacion-datos.php	DCAT_CATEGORIAS_GASTOS
eliminacion-datos.php	DCAT_CATEGORIAS_NOTIFICACIONES
eliminacion-datos.php	DCAT_SUBZONAS
eliminacion-datos.php	DCAT_USO_SUELO
eliminacion-datos.php	DCAT_VARIOS
eliminacion-datos.php	DCAT_ZONAS
eliminacion-datos.php	DIRECTORIO
eliminacion-datos.php	DIRECTORIO_HAS_ASIGNACIONES
eliminacion-datos.php	DIRECTORIO_HAS_COMERCIOS
eliminacion-datos.php	GASTOS
eliminacion-datos.php	HISTORICO_PAGOS
eliminacion-datos.php	HISTORICO_PAGOS_DETALLE
eliminacion-datos.php	HISTORICO_PAGOS_HAS_PAGOS
eliminacion-datos.php	INGRESOS
eliminacion-datos.php	INVITADOS_ESPECIALES
eliminacion-datos.php	NOTIFICACIONES
eliminacion-datos.php	PAGOS
eliminacion-datos.php	PRESUPUESTO
eliminacion-datos.php	PROYECTOS
eliminacion-datos.php	PROYECTOS_DOCUMENTOS
eliminacion-datos.php	ROLES_CONDOMINAL
eliminacion-datos.php	TAREAS
eliminacion-datos.php	TEMAS
eliminacion-datos.php	TICKETS
eliminacion-datos.php	TICKETS_DEPARTAMENTOS
execute_migration.php	CAT_CONCEPTOS_PRESUPUESTO
execute_migration.php	CAT_CONCEPTOS_PRESUPUESTO_BACKUP_20260203
execute_migration.php	CAT_GRUPOS_PRESUPUESTO
execute_migration.php	CAT_GRUPOS_PRESUPUESTO_BACKUP_20260203
execute_migration.php	PRESUPUESTO
fix_budget_2026.php	CAT_CONCEPTOS_PRESUPUESTO
fix_budget_2026.php	CAT_GRUPOS_PRESUPUESTO
fix_budget_2026.php	PRESUPUESTO
fix_direct.php	AREAS_PRIVATIVAS
fix_direct.php	HISTORICO_PAGOS
fix_direct.php	HISTORICO_PAGOS_DETALLE
fix_direct.php	HISTORICO_PAGOS_HAS_PAGOS
fix_direct.php	PAGOS
fix_payment_435_00259.php	AREAS_PRIVATIVAS
fix_payment_435_00259.php	HISTORICO_PAGOS
fix_payment_435_00259.php	HISTORICO_PAGOS_DETALLE
fix_payment_435_00259.php	PAGOS
formulario_apol.php	AREAS_PRIVATIVAS
formulario_apol.php	AREAS_PRIVATIVAS_HAS_DCAT_USO_SUELO
formulario_apol.php	ARRENDAMIENTOS
formulario_apol.php	DCAT_CALLES
formulario_apol.php	DCAT_SUBZONAS
formulario_apol.php	DCAT_USO_SUELO
formulario_apol.php	DCAT_ZONAS
formulario_apol.php	DIRECTORIO
formulario_apol.php	DIRECTORIO_HAS_ASIGNACIONES
formulario_apol.php	DIRECTORIO_HAS_COMERCIOS
formulario_apol.php	PROYECTOS
formulario_apol.php	ROLES_CONDOMINAL
formulario_apol_fusion.php	AREAS_PRIVATIVAS
formulario_apol_fusion.php	AREAS_PRIVATIVAS_HAS_DCAT_USO_SUELO
formulario_apol_fusion.php	DCAT_USO_SUELO
formulario_apol_fusion.php	DIRECTORIO
formulario_apol_fusion.php	DIRECTORIO_HAS_ASIGNACIONES
formulario_apol_fusion.php	PROYECTOS
formulario_apol_imagenes.php	AREAS_PRIVATIVAS
formulario_apol_imagenes.php	AREAS_PRIVATIVAS_IMAGENES
formulario_arrendamiento.php	AREAS_PRIVATIVAS
formulario_arrendamiento.php	ARRENDAMIENTOS
formulario_arrendamiento.php	DCAT_CATEGORIAS_COMERCIAL
formulario_arrendamiento.php	DCAT_CLASES_COMERCIOS
formulario_arrendamiento.php	DCAT_GIROS
formulario_arrendamiento.php	DCAT_SUBCATEGORIAS_COMERCIAL
formulario_arrendamiento.php	DIRECTORIO
formulario_arrendamiento.php	DIRECTORIO_HAS_COMERCIOS
formulario_categoria_gasto.php	DCAT_CATEGORIAS_GASTOS
formulario_categoria_gasto.php	GASTOS
formulario_categoria_notificacion.php	DCAT_CATEGORIAS_NOTIFICACIONES
formulario_categoria_notificacion.php	NOTIFICACIONES
formulario_contacto.php	CONTACTOS
formulario_convocatoria.php	CAT_GRUPO_PUESTOS
formulario_convocatoria.php	CAT_LLAMAR_A
formulario_convocatoria.php	CAT_PUESTOS
formulario_convocatoria.php	CAT_SUBTIPOS_CONVOCATORIAS
formulario_convocatoria.php	CAT_TIPOS_CONVOCATORIAS
formulario_convocatoria.php	CAT_TIPOS_TEMAS
formulario_convocatoria.php	CONVOCATORIAS
formulario_convocatoria.php	CONVOCATORIAS_FECHAS
formulario_convocatoria.php	CONVOCATORIAS_HAS_INVITADOS_ESPECIALES
formulario_convocatoria.php	CONVOCATORIAS_INVITADOS
formulario_convocatoria.php	DCAT_TIPOS_FECHAS_CONVOCATORIAS
formulario_convocatoria.php	DIRECTORIO
formulario_convocatoria.php	INVITADOS_ESPECIALES
formulario_convocatoria.php	TEMAS
formulario_convocatoria_consulta.php	AREAS_PRIVATIVAS
formulario_convocatoria_consulta.php	ASISTENCIAS_CONVOCATORIA
formulario_convocatoria_consulta.php	CAT_GRUPO_PUESTOS
formulario_convocatoria_consulta.php	CAT_LLAMAR_A
formulario_convocatoria_consulta.php	CAT_PUESTOS
formulario_convocatoria_consulta.php	CAT_SUBTIPOS_CONVOCATORIAS
formulario_convocatoria_consulta.php	CAT_TIPOS_CONVOCATORIAS
formulario_convocatoria_consulta.php	CONVOCADOS
formulario_convocatoria_consulta.php	CONVOCATORIAS
formulario_convocatoria_consulta.php	CONVOCATORIAS_FECHAS
formulario_convocatoria_consulta.php	CONVOCATORIAS_HAS_INVITADOS_ESPECIALES
formulario_convocatoria_consulta.php	CONVOCATORIAS_INVITADOS
formulario_convocatoria_consulta.php	DCAT_TIPOS_FECHAS_CONVOCATORIAS
formulario_convocatoria_consulta.php	DCAT_ZONAS
formulario_convocatoria_consulta.php	DIRECTORIO
formulario_convocatoria_consulta.php	DIRECTORIO_HAS_ASIGNACIONES
formulario_convocatoria_consulta.php	DIRECTORIO_HAS_CAT_PUESTOS
formulario_convocatoria_consulta.php	INVITADOS_ESPECIALES
formulario_convocatoria_consulta.php	PROYECTOS
formulario_convocatoria_consulta.php	ROLES_CONDOMINAL
formulario_convocatoria_consulta.php	TAREAS
formulario_convocatoria_consulta.php	TAREAS_ASIGNACIONES
formulario_convocatoria_consulta.php	TEMAS
formulario_convocatoria_consulta.php	VOTACIONES_CONVOCATORIAS
formulario_departamentos_tickets.php	TICKETS
formulario_departamentos_tickets.php	TICKETS_DEPARTAMENTOS
formulario_directorio.php	AREAS_PRIVATIVAS
formulario_directorio.php	DIRECTORIO
formulario_directorio.php	DIRECTORIO_HAS_ASIGNACIONES
formulario_directorio.php	DIRECTORIO_HAS_COMERCIOS
formulario_directorio.php	PROYECTOS
formulario_directorio.php	ROLES_CONDOMINAL
formulario_estructura_condominal.php	CAT_GRUPO_PUESTOS
formulario_estructura_condominal.php	CAT_PUESTOS
formulario_estructura_presupuesto.php	CAT_CONCEPTOS_PRESUPUESTO
formulario_estructura_presupuesto.php	CAT_GRUPOS_COBRO
formulario_estructura_presupuesto.php	CAT_GRUPOS_PRESUPUESTO
formulario_estructura_presupuesto.php	CAT_TIPOS_CONCEPTO
formulario_estructura_presupuesto.php	PRESUPUESTO
formulario_gasto.php	CAT_CONCEPTOS_PRESUPUESTO
formulario_gasto.php	CAT_FORMAS_PAGO
formulario_gasto.php	CAT_GRUPOS_COBRO
formulario_gasto.php	CAT_GRUPOS_PRESUPUESTO
formulario_gasto.php	DCAT_CATEGORIAS_GASTOS
formulario_gasto.php	GASTOS
formulario_gasto.php	PRESUPUESTO
formulario_ingreso.php	AREAS_PRIVATIVAS
formulario_ingreso.php	CAT_FORMAS_PAGO
formulario_ingreso.php	CAT_GRUPOS_COBRO
formulario_ingreso.php	DCAT_VARIOS
formulario_ingreso.php	INGRESOS
formulario_llamado.php	CONVOCATORIAS
formulario_llamado.php	CONVOCATORIAS_FECHAS
formulario_llamado.php	DCAT_TIPOS_FECHAS_CONVOCATORIAS
formulario_notificacion.php	CAT_TIPOS_NOTIFICACIONES
formulario_notificacion.php	DCAT_CATEGORIAS_NOTIFICACIONES
formulario_notificacion.php	NOTIFICACIONES
formulario_notificacion.php	PROYECTOS
formulario_nvopass.php	DIRECTORIO
formulario_pagos_futuros.php	CAT_GRUPOS_COBRO
formulario_pagos_futuros.php	DCAT_ZONAS
formulario_pagos_hitorico.php	AREAS_PRIVATIVAS
formulario_pagos_hitorico.php	CAT_GRUPOS_COBRO
formulario_pagos_hitorico_completo.php	AREAS_PRIVATIVAS
formulario_pagos_hitorico_completo.php	CAT_GRUPOS_COBRO
formulario_proyecto.php	PROYECTOS
formulario_reglamentos.php	PROYECTOS
formulario_reglamentos.php	PROYECTOS_DOCUMENTOS
formulario_rol_condominal.php	CAT_MODULOS
formulario_rol_condominal.php	ROLES_CONDOMINAL
formulario_rol_condominal.php	ROLES_CONDOMINAL_HAS_CAT_MODULOS
formulario_sancion.php	CAT_SANCIONES
formulario_ticket.php	DIRECTORIO
formulario_ticket.php	TICKETS
formulario_ticket.php	TICKETS_DEPARTAMENTOS
formulario_usos_suelo.php	AREAS_PRIVATIVAS
formulario_usos_suelo.php	AREAS_PRIVATIVAS_HAS_DCAT_USO_SUELO
formulario_usos_suelo.php	CAT_GRUPOS_COBRO
formulario_usos_suelo.php	CAT_GRUPOS_PRESUPUESTO
formulario_usos_suelo.php	DCAT_USO_SUELO
formulario_usos_suelo.php	DCAT_USO_SUELO_HISTORICO
formulario_usos_suelo.php	PRESUPUESTO
formulario_usos_suelo.php	PRESUPUESTO_DETALLE
formulario_usos_suelo.php	PROYECTOS
formulario_varios.php	DCAT_VARIOS
formulario_zona.php	DCAT_CALLES
formulario_zona.php	DCAT_SUBZONAS
formulario_zona.php	DCAT_ZONAS
frm_sub_dominio.php	AREAS_PRIVATIVAS
frm_sub_dominio.php	CAT_MODULOS
frm_sub_dominio.php	DIRECTORIO
frm_sub_dominio.php	DIRECTORIO_HAS_ASIGNACIONES
frm_sub_dominio.php	PROYECTOS
fusion.php	AREAS_PRIVATIVAS
general.php	DIRECTORIO
general.php	PROYECTOS
imp-recibo.php	AREAS_PRIVATIVAS
imp-recibo.php	ARRENDAMIENTOS
imp-recibo.php	CAT_FORMAS_PAGO
imp-recibo.php	CAT_GRUPOS_COBRO
imp-recibo.php	DIRECTORIO
imp-recibo.php	DIRECTORIO_HAS_ASIGNACIONES
imp-recibo.php	HISTORICO_PAGOS
imp-recibo.php	HISTORICO_PAGOS_HAS_PAGOS
imp-recibo.php	PAGOS
imp-recibo.php	PROYECTOS
importador_gastos.php	CAT_CONCEPTOS_PRESUPUESTO
importador_gastos.php	CAT_FORMAS_PAGO
importador_gastos.php	CAT_GRUPOS_COBRO
importador_gastos.php	CAT_GRUPOS_PRESUPUESTO
importador_gastos.php	PRESUPUESTO
importador_ingresos.php	CAT_FORMAS_PAGO
importador_ingresos.php	CAT_GRUPOS_COBRO
importador_ingresos.php	DCAT_VARIOS
importador_ingresos.php	INGRESOS
importador_presupuesto.php	CAT_CONCEPTOS_PRESUPUESTO
importador_presupuesto.php	CAT_GRUPOS_COBRO
importador_presupuesto.php	CAT_GRUPOS_PRESUPUESTO
importador_presupuesto.php	PRESUPUESTO
includes/resumen_financiero/_config.php	AREAS_PRIVATIVAS
includes/resumen_financiero/_config.php	DCAT_VARIOS
includes/resumen_financiero/_config.php	GASTOS
includes/resumen_financiero/_config.php	HISTORICO_PAGOS
includes/resumen_financiero/_config.php	HISTORICO_PAGOS_DETALLE
includes/resumen_financiero/_config.php	INGRESOS
includes/resumen_financiero/_config.php	PAGOS
includes/resumen_financiero/seccion_ordinarias_egresos.php	CAT_CONCEPTOS_PRESUPUESTO
includes/resumen_financiero/seccion_ordinarias_egresos.php	CAT_GRUPOS_COBRO
includes/resumen_financiero/seccion_ordinarias_egresos.php	CAT_GRUPOS_PRESUPUESTO
includes/resumen_financiero/seccion_ordinarias_egresos.php	GASTOS
includes/resumen_financiero/seccion_ordinarias_egresos.php	PRESUPUESTO
includes/resumen_financiero/seccion_ordinarias_ingresos.php	CAT_GRUPOS_COBRO
inicio.php	PROYECTOS
inicio.php	PROYECTOS_FOLIO
investigate_budget_2025_2026.php	CAT_CONCEPTOS_PRESUPUESTO
investigate_budget_2025_2026.php	CAT_GRUPOS_PRESUPUESTO
investigate_budget_2025_2026.php	PRESUPUESTO
listado_apoles-bckp.php	AREAS_PRIVATIVAS
listado_apoles-bckp.php	AREAS_PRIVATIVAS_HAS_DCAT_USO_SUELO
listado_apoles-bckp.php	DCAT_USO_SUELO
listado_apoles-bckp.php	DCAT_ZONAS
listado_apoles-bckp.php	DIRECTORIO
listado_apoles-bckp.php	DIRECTORIO_HAS_ASIGNACIONES
listado_apoles-bckp.php	PROYECTOS
listado_apoles.php	AREAS_PRIVATIVAS
listado_apoles.php	AREAS_PRIVATIVAS_HAS_CUOTAS
listado_apoles.php	AREAS_PRIVATIVAS_HAS_DCAT_USO_SUELO
listado_apoles.php	ARRENDAMIENTOS
listado_apoles.php	CAT_GRUPOS_COBRO
listado_apoles.php	DCAT_USO_SUELO
listado_apoles.php	DCAT_USO_SUELO_HISTORICO
listado_apoles.php	DCAT_ZONAS
listado_apoles.php	DIRECTORIO
listado_apoles.php	DIRECTORIO_HAS_ASIGNACIONES
listado_apoles.php	DIRECTORIO_HAS_COMERCIOS
listado_apoles.php	HISTORICO_PAGOS
listado_apoles.php	HISTORICO_PAGOS_DETALLE
listado_apoles.php	PAGOS
listado_apoles.php	PROYECTOS
listado_apoles.php	ROLES_CONDOMINAL
listado_apolesDinamico.php	AREAS_PRIVATIVAS
listado_apolesDinamico.php	AREAS_PRIVATIVAS_HAS_CUOTAS
listado_apolesDinamico.php	AREAS_PRIVATIVAS_HAS_DCAT_USO_SUELO
listado_apolesDinamico.php	ARRENDAMIENTOS
listado_apolesDinamico.php	CAT_GRUPOS_COBRO
listado_apolesDinamico.php	DCAT_USO_SUELO
listado_apolesDinamico.php	DCAT_ZONAS
listado_apolesDinamico.php	DIRECTORIO
listado_apolesDinamico.php	DIRECTORIO_HAS_ASIGNACIONES
listado_apolesDinamico.php	PAGOS
listado_apolesDinamico.php	PROYECTOS
listado_apoles_seguridad.php	AREAS_PRIVATIVAS
listado_apoles_seguridad.php	AREAS_PRIVATIVAS_HAS_DCAT_USO_SUELO
listado_apoles_seguridad.php	ARRENDAMIENTOS
listado_apoles_seguridad.php	DCAT_USO_SUELO
listado_apoles_seguridad.php	DCAT_ZONAS
listado_apoles_seguridad.php	DIRECTORIO
listado_apoles_seguridad.php	DIRECTORIO_HAS_ASIGNACIONES
listado_apoles_seguridad.php	DIRECTORIO_HAS_COMERCIOS
listado_apoles_seguridad.php	PROYECTOS
listado_apoles_seguridad.php	ROLES_CONDOMINAL
listado_arrendamientos.php	AREAS_PRIVATIVAS
listado_arrendamientos.php	ARRENDAMIENTOS
listado_arrendamientos.php	DCAT_CLASES_COMERCIOS
listado_arrendamientos.php	DIRECTORIO
listado_arrendamientos.php	DIRECTORIO_HAS_COMERCIOS
listado_categorias_gastos.php	DCAT_CATEGORIAS_GASTOS
listado_categorias_gastos.php	GASTOS
listado_categorias_notificaciones.php	DCAT_CATEGORIAS_NOTIFICACIONES
listado_categorias_notificaciones.php	NOTIFICACIONES
listado_convocatorias.php	CAT_LLAMAR_A
listado_convocatorias.php	CAT_SUBTIPOS_CONVOCATORIAS
listado_convocatorias.php	CAT_TIPOS_CONVOCATORIAS
listado_convocatorias.php	CONVOCATORIAS
listado_convocatorias.php	CONVOCATORIAS_FECHAS
listado_convocatorias.php	DCAT_TIPOS_FECHAS_CONVOCATORIAS
listado_convocatorias.php	TEMAS
listado_convocatorias_condomino.php	CAT_LLAMAR_A
listado_convocatorias_condomino.php	CAT_PUESTOS
listado_convocatorias_condomino.php	CAT_SUBTIPOS_CONVOCATORIAS
listado_convocatorias_condomino.php	CAT_TIPOS_CONVOCATORIAS
listado_convocatorias_condomino.php	CONVOCADOS
listado_convocatorias_condomino.php	CONVOCATORIAS
listado_convocatorias_condomino.php	CONVOCATORIAS_FECHAS
listado_convocatorias_condomino.php	DCAT_TIPOS_FECHAS_CONVOCATORIAS
listado_convocatorias_condomino.php	DIRECTORIO
listado_convocatorias_condomino.php	DIRECTORIO_HAS_ASIGNACIONES
listado_convocatorias_condomino.php	DIRECTORIO_HAS_CAT_PUESTOS
listado_convocatorias_condomino.php	ROLES_CONDOMINAL
listado_convocatorias_condomino.php	TEMAS
listado_departamentos_tickets.php	TICKETS
listado_departamentos_tickets.php	TICKETS_DEPARTAMENTOS
listado_directorio.php	DIRECTORIO
listado_directorio.php	DIRECTORIO_HAS_COMERCIOS
listado_directorio.php	ROLES_CONDOMINAL
listado_estructura_condominal.php	CAT_GRUPO_PUESTOS
listado_estructura_condominal.php	CAT_PUESTOS
listado_estructura_presupuesto.php	CAT_CONCEPTOS_PRESUPUESTO
listado_estructura_presupuesto.php	CAT_GRUPOS_PRESUPUESTO
listado_estructura_presupuesto.php	PRESUPUESTO
listado_gastos.php	CAT_CONCEPTOS_PRESUPUESTO
listado_gastos.php	CAT_FORMAS_PAGO
listado_gastos.php	CAT_GRUPOS_COBRO
listado_gastos.php	CAT_GRUPOS_PRESUPUESTO
listado_gastos.php	DCAT_CATEGORIAS_GASTOS
listado_gastos.php	GASTOS
listado_gastos.php	PRESUPUESTO
listado_historico_pagos.php	AREAS_PRIVATIVAS
listado_historico_pagos.php	CAT_FORMAS_PAGO
listado_historico_pagos.php	CAT_GRUPOS_COBRO
listado_historico_pagos.php	DIRECTORIO
listado_historico_pagos.php	HISTORICO_PAGOS
listado_historico_pagos.php	HISTORICO_PAGOS_DETALLE
listado_historico_pagos.php	HISTORICO_PAGOS_HAS_PAGOS
listado_historico_pagos.php	PAGOS
listado_ingresos.php	AREAS_PRIVATIVAS
listado_ingresos.php	CAT_FORMAS_PAGO
listado_ingresos.php	CAT_GRUPOS_COBRO
listado_ingresos.php	DCAT_VARIOS
listado_ingresos.php	INGRESOS
listado_notificaciones.php	NOTIFICACIONES
listado_pagos.php	AREAS_PRIVATIVAS
listado_pagos.php	AREAS_PRIVATIVAS_HAS_DCAT_USO_SUELO
listado_pagos.php	ARRENDAMIENTOS
listado_pagos.php	CAT_FORMAS_PAGO
listado_pagos.php	CAT_GRUPOS_COBRO
listado_pagos.php	CAT_SANCIONES
listado_pagos.php	DCAT_USO_SUELO
listado_pagos.php	DCAT_VARIOS
listado_pagos.php	DIRECTORIO
listado_pagos.php	DIRECTORIO_HAS_ASIGNACIONES
listado_pagos.php	DIRECTORIO_HAS_COMERCIOS
listado_pagos.php	HISTORICO_PAGOS
listado_pagos.php	HISTORICO_PAGOS_DETALLE
listado_pagos.php	HISTORICO_PAGOS_HAS_PAGOS
listado_pagos.php	INGRESOS
listado_pagos.php	PAGOS
listado_pagos_exp.php	AREAS_PRIVATIVAS
listado_pagos_exp.php	ARRENDAMIENTOS
listado_pagos_exp.php	CAT_FORMAS_PAGO
listado_pagos_exp.php	CAT_GRUPOS_COBRO
listado_pagos_exp.php	CAT_SANCIONES
listado_pagos_exp.php	DIRECTORIO
listado_pagos_exp.php	DIRECTORIO_HAS_ASIGNACIONES
listado_pagos_exp.php	DIRECTORIO_HAS_COMERCIOS
listado_pagos_exp.php	HISTORICO_PAGOS
listado_pagos_exp.php	HISTORICO_PAGOS_DETALLE
listado_pagos_exp.php	HISTORICO_PAGOS_HAS_PAGOS
listado_pagos_exp.php	PAGOS
listado_pagos_imp.php	AREAS_PRIVATIVAS
listado_pagos_imp.php	ARRENDAMIENTOS
listado_pagos_imp.php	CAT_FORMAS_PAGO
listado_pagos_imp.php	CAT_GRUPOS_COBRO
listado_pagos_imp.php	CAT_SANCIONES
listado_pagos_imp.php	DIRECTORIO
listado_pagos_imp.php	DIRECTORIO_HAS_ASIGNACIONES
listado_pagos_imp.php	DIRECTORIO_HAS_COMERCIOS
listado_pagos_imp.php	HISTORICO_PAGOS
listado_pagos_imp.php	HISTORICO_PAGOS_DETALLE
listado_pagos_imp.php	HISTORICO_PAGOS_HAS_PAGOS
listado_pagos_imp.php	PAGOS
listado_pagos_imp.php	PROYECTOS
listado_pagos_impTABLAS.php	AREAS_PRIVATIVAS
listado_pagos_impTABLAS.php	ARRENDAMIENTOS
listado_pagos_impTABLAS.php	CAT_FORMAS_PAGO
listado_pagos_impTABLAS.php	CAT_GRUPOS_COBRO
listado_pagos_impTABLAS.php	CAT_SANCIONES
listado_pagos_impTABLAS.php	DIRECTORIO
listado_pagos_impTABLAS.php	DIRECTORIO_HAS_ASIGNACIONES
listado_pagos_impTABLAS.php	DIRECTORIO_HAS_COMERCIOS
listado_pagos_impTABLAS.php	HISTORICO_PAGOS
listado_pagos_impTABLAS.php	HISTORICO_PAGOS_DETALLE
listado_pagos_impTABLAS.php	HISTORICO_PAGOS_HAS_PAGOS
listado_pagos_impTABLAS.php	PAGOS
listado_pagos_impTABLAS.php	PROYECTOS
listado_rentas.php	AREAS_PRIVATIVAS
listado_rentas.php	ARRENDAMIENTOS
listado_rentas.php	DIRECTORIO
listado_rentas.php	DIRECTORIO_HAS_ASIGNACIONES
listado_rentas.php	DIRECTORIO_HAS_COMERCIOS
listado_rentas.php	PAGOS
listado_rentas.php	ROLES_CONDOMINAL
listado_roles_condominal.php	ROLES_CONDOMINAL
listado_sanciones.php	CAT_SANCIONES
listado_tickets.php	DIRECTORIO
listado_tickets.php	TICKETS
listado_tickets.php	TICKETS_DEPARTAMENTOS
listado_usos_suelo.php	AREAS_PRIVATIVAS
listado_usos_suelo.php	AREAS_PRIVATIVAS_HAS_DCAT_USO_SUELO
listado_usos_suelo.php	CAT_GRUPOS_COBRO
listado_usos_suelo.php	CAT_GRUPOS_PRESUPUESTO
listado_usos_suelo.php	DCAT_USO_SUELO
listado_usos_suelo.php	DCAT_USO_SUELO_HISTORICO
listado_usos_suelo.php	PRESUPUESTO
listado_zonas.php	DCAT_SUBZONAS
listado_zonas.php	DCAT_ZONAS
llamarA.php	AREAS_PRIVATIVAS
llamarA.php	CAT_GRUPO_PUESTOS
llamarA.php	CAT_PUESTOS
llamarA.php	CONVOCADOS
llamarA.php	DIRECTORIO
llamarA.php	DIRECTORIO_HAS_COMERCIOS
llamarA_consulta.php	AREAS_PRIVATIVAS
llamarA_consulta.php	CAT_GRUPO_PUESTOS
llamarA_consulta.php	CAT_PUESTOS
llamarA_consulta.php	CONVOCADOS
llamarA_consulta.php	DIRECTORIO
nuevoDirectorio.php	DIRECTORIO
nuevoDirectorioLegal.php	DIRECTORIO
nuevoDirectorioMoral.php	DIRECTORIO
organigrama.php	CAT_GRUPO_PUESTOS
organigrama.php	CAT_PUESTOS
organigrama.php	DIRECTORIO
organigrama.php	DIRECTORIO_HAS_CAT_PUESTOS
organigrama_editar.php	CAT_GRUPO_PUESTOS
organigrama_editar.php	CAT_PUESTOS
organigrama_editar.php	DIRECTORIO
organigrama_editar.php	DIRECTORIO_HAS_CAT_PUESTOS
permisos.php	CAT_MODULOS
permisos.php	DIRECTORIO
permisos.php	DIRECTORIO_HAS_ASIGNACIONES
permisos.php	ROLES_CONDOMINAL
permisos.php	ROLES_CONDOMINAL_HAS_CAT_MODULOS
presupuesto.php	CAT_CONCEPTOS_PRESUPUESTO
presupuesto.php	CAT_GRUPOS_COBRO
presupuesto.php	CAT_GRUPOS_PRESUPUESTO
presupuesto.php	GASTOS
presupuesto.php	PRESUPUESTO
presupuesto.php	PRESUPUESTO_DETALLE
presupuesto.php	PRESUPUESTO_MES
presupuesto.php	PRESUPUESTO_MES_CERRADO
presupuesto_antes_tabla.php	CAT_CONCEPTOS_PRESUPUESTO
presupuesto_antes_tabla.php	CAT_GRUPOS_COBRO
presupuesto_antes_tabla.php	CAT_GRUPOS_PRESUPUESTO
presupuesto_antes_tabla.php	GASTOS
presupuesto_antes_tabla.php	PRESUPUESTO
presupuesto_antes_tabla.php	PRESUPUESTO_DETALLE
presupuesto_antes_tabla.php	PRESUPUESTO_MES
presupuesto_antes_tabla.php	PRESUPUESTO_MES_CERRADO
presupuesto_backup.php	CAT_CONCEPTOS_PRESUPUESTO
presupuesto_backup.php	CAT_GRUPOS_COBRO
presupuesto_backup.php	CAT_GRUPOS_PRESUPUESTO
presupuesto_backup.php	GASTOS
presupuesto_backup.php	PRESUPUESTO
presupuesto_backup.php	PRESUPUESTO_DETALLE
presupuesto_backup.php	PRESUPUESTO_MES
presupuesto_backup.php	PRESUPUESTO_MES_CERRADO
presupuesto_imp.php	CAT_CONCEPTOS_PRESUPUESTO
presupuesto_imp.php	CAT_GRUPOS_COBRO
presupuesto_imp.php	CAT_GRUPOS_PRESUPUESTO
presupuesto_imp.php	GASTOS
presupuesto_imp.php	PRESUPUESTO
presupuesto_imp.php	PRESUPUESTO_DETALLE
presupuesto_imp.php	PRESUPUESTO_MES
presupuesto_imp.php	PROYECTOS
prueba.php	HISTORICO_PAGOS
prueba.php	HISTORICO_PAGOS_DETALLE
prueba.php	HISTORICO_PAGOS_HAS_PAGOS
prueba.php	PAGOS
recupera.php	DIRECTORIO
recupera.php	DIRECTORIO_HAS_COMERCIOS
reporte_condominio.php	AREAS_PRIVATIVAS
reporte_condominio.php	AREAS_PRIVATIVAS_HAS_DCAT_USO_SUELO
reporte_condominio.php	DCAT_USO_SUELO
reporte_condominio.php	DCAT_ZONAS
reporte_condominio.php	PROYECTOS
reporte_cuotas.php	AREAS_PRIVATIVAS
reporte_cuotas.php	AREAS_PRIVATIVAS_HAS_CUOTAS
reporte_cuotas.php	AREAS_PRIVATIVAS_HAS_DCAT_USO_SUELO
reporte_cuotas.php	ARRENDAMIENTOS
reporte_cuotas.php	CAT_GRUPOS_COBRO
reporte_cuotas.php	DCAT_USO_SUELO
reporte_cuotas.php	DCAT_USO_SUELO_HISTORICO
reporte_cuotas.php	DCAT_ZONAS
reporte_cuotas.php	DIRECTORIO
reporte_cuotas.php	DIRECTORIO_HAS_ASIGNACIONES
reporte_cuotas.php	HISTORICO_PAGOS
reporte_cuotas.php	HISTORICO_PAGOS_DETALLE
reporte_cuotas.php	PAGOS
reporte_cuotas.php	ROLES_CONDOMINAL
reporte_cuotas_extraordinaria.php	AREAS_PRIVATIVAS
reporte_cuotas_extraordinaria.php	AREAS_PRIVATIVAS_HAS_DCAT_USO_SUELO
reporte_cuotas_extraordinaria.php	ARRENDAMIENTOS
reporte_cuotas_extraordinaria.php	CAT_GRUPOS_COBRO
reporte_cuotas_extraordinaria.php	DCAT_USO_SUELO
reporte_cuotas_extraordinaria.php	DIRECTORIO
reporte_cuotas_extraordinaria.php	DIRECTORIO_HAS_ASIGNACIONES
reporte_cuotas_extraordinaria.php	HISTORICO_PAGOS
reporte_cuotas_extraordinaria.php	HISTORICO_PAGOS_DETALLE
reporte_cuotas_extraordinaria.php	PAGOS
reporte_cuotas_extraordinaria.php	PROYECTOS
reporte_cuotas_extraordinaria.php	ROLES_CONDOMINAL
reporte_cuotas_extraordinariaCONANTICIPADO.php	AREAS_PRIVATIVAS
reporte_cuotas_extraordinariaCONANTICIPADO.php	AREAS_PRIVATIVAS_HAS_DCAT_USO_SUELO
reporte_cuotas_extraordinariaCONANTICIPADO.php	ARRENDAMIENTOS
reporte_cuotas_extraordinariaCONANTICIPADO.php	CAT_GRUPOS_COBRO
reporte_cuotas_extraordinariaCONANTICIPADO.php	DCAT_USO_SUELO
reporte_cuotas_extraordinariaCONANTICIPADO.php	DIRECTORIO
reporte_cuotas_extraordinariaCONANTICIPADO.php	DIRECTORIO_HAS_ASIGNACIONES
reporte_cuotas_extraordinariaCONANTICIPADO.php	HISTORICO_PAGOS
reporte_cuotas_extraordinariaCONANTICIPADO.php	HISTORICO_PAGOS_DETALLE
reporte_cuotas_extraordinariaCONANTICIPADO.php	PAGOS
reporte_cuotas_extraordinariaCONANTICIPADO.php	PROYECTOS
reporte_cuotas_extraordinariaCONANTICIPADO.php	ROLES_CONDOMINAL
resumen_financiero.php	CAT_CONCEPTOS_PRESUPUESTO
resumen_financiero.php	CAT_GRUPOS_COBRO
resumen_financiero.php	CAT_GRUPOS_PRESUPUESTO
resumen_financiero.php	DCAT_VARIOS
resumen_financiero.php	GASTOS
resumen_financiero.php	HISTORICO_PAGOS
resumen_financiero.php	HISTORICO_PAGOS_DETALLE
resumen_financiero.php	INGRESOS
resumen_financiero.php	PAGOS
resumen_financiero.php	PRESUPUESTO
resumen_financiero.php	PRESUPUESTO_DETALLE
resumen_financiero.php	PRESUPUESTO_MES
resumen_financiero.php	PROYECTOS
resumen_financiero.php	RESUMEN_FINANCIERO
resumen_financiero1.php	AREAS_PRIVATIVAS
resumen_financiero1.php	CAT_CONCEPTOS_PRESUPUESTO
resumen_financiero1.php	CAT_GRUPOS_COBRO
resumen_financiero1.php	CAT_GRUPOS_PRESUPUESTO
resumen_financiero1.php	DCAT_VARIOS
resumen_financiero1.php	GASTOS
resumen_financiero1.php	HISTORICO_PAGOS
resumen_financiero1.php	HISTORICO_PAGOS_DETALLE
resumen_financiero1.php	INGRESOS
resumen_financiero1.php	PAGOS
resumen_financiero1.php	PRESUPUESTO
resumen_financiero1.php	PRESUPUESTO_DETALLE
resumen_financiero1.php	PRESUPUESTO_MES
resumen_financiero1.php	PROYECTOS
resumen_financiero1.php	RESUMEN_FINANCIERO
resumen_financiero2.php	CAT_CONCEPTOS_PRESUPUESTO
resumen_financiero2.php	CAT_GRUPOS_COBRO
resumen_financiero2.php	CAT_GRUPOS_PRESUPUESTO
resumen_financiero2.php	DCAT_VARIOS
resumen_financiero2.php	GASTOS
resumen_financiero2.php	HISTORICO_PAGOS
resumen_financiero2.php	HISTORICO_PAGOS_DETALLE
resumen_financiero2.php	INGRESOS
resumen_financiero2.php	PAGOS
resumen_financiero2.php	PRESUPUESTO
resumen_financiero2.php	PRESUPUESTO_DETALLE
resumen_financiero2.php	PRESUPUESTO_MES
resumen_financiero2.php	PROYECTOS
resumen_financiero2.php	RESUMEN_FINANCIERO
resumen_financiero_nuevo.php	DCAT_VARIOS
resumen_financiero_nuevo.php	PROYECTOS
scriptAPZonas.php	AREAS_PRIVATIVAS
scriptArrendatarios.php	ARRENDAMIENTOS
scriptArrendatarios.php	DIRECTORIO
scriptArrendatarios.php	DIRECTORIO_HAS_COMERCIOS
script_limpiar_area_privativa.php	AREAS_PRIVATIVAS
script_limpiar_area_privativa.php	HISTORICO_PAGOS
script_limpiar_area_privativa.php	HISTORICO_PAGOS_DETALLE
script_limpiar_area_privativa.php	HISTORICO_PAGOS_HAS_PAGOS
script_limpiar_area_privativa.php	PAGOS
test_payment_cancellation.php	AREAS_PRIVATIVAS
test_payment_cancellation.php	HISTORICO_PAGOS
test_payment_cancellation.php	HISTORICO_PAGOS_DETALLE
test_payment_cancellation.php	HISTORICO_PAGOS_HAS_PAGOS
test_payment_cancellation.php	PAGOS
update_soles_sombras.php	AREAS_PRIVATIVAS
update_soles_sombras.php	AREAS_PRIVATIVAS_HAS_DCAT_USO_SUELO
update_soles_sombras.php	DCAT_USO_SUELO
verificarCE.php	DIRECTORIO
verificarPass.php	DIRECTORIO
verify_budget_2026.php	CAT_CONCEPTOS_PRESUPUESTO
verify_budget_2026.php	CAT_GRUPOS_PRESUPUESTO
verify_budget_2026.php	GASTOS
verify_budget_2026.php	PRESUPUESTO
verify_migration.php	CAT_CONCEPTOS_PRESUPUESTO
verify_migration.php	CAT_GRUPOS_PRESUPUESTO
verify_migration.php	PRESUPUESTO
